match_id,odds_home,odds_draw,odds_away,odds_over25,odds_under25,source,bookmakers_h2h,bookmakers_totals,avg_overround_h2h,avg_overround_totals,p_home_consensus,p_draw_consensus,p_away_consensus,p_over25_consensus,p_under25_consensus
WC2026-004,1.7,3.7,5.2,1.9,1.9,,,,,,,,,,
WC2026-002,2.808904817352853,3.2450805433708965,2.977691733644991,2.296806387720649,1.7711251343831398,the_odds_api_no_vig_consensus,43.0,14.0,0.0535123066149908,0.0613298529760803,0.356010639385927,0.3081587611262273,0.3358305994878457,0.4353871555505381,0.5646128444494619
WC2026-003,1.9036464190296836,3.7089661865499273,4.876253967900937,2.265132950256234,1.7904307604963292,the_odds_api_no_vig_consensus,43.0,16.0,0.0527209983257421,0.0591109566592154,0.5253076359157678,0.2696169093227021,0.20507545476153,0.4414751901811675,0.5585248098188326
WC2026-001,1.4813986341528476,4.717679049229942,8.850057736542128,2.296586013549947,1.7712561986243254,the_odds_api_no_vig_consensus,48.0,20.0,0.04652454539988828,0.05366671809524378,0.6750377494251302,0.2119686374517631,0.11299361312310685,0.43542893412219746,0.5645710658778025
