match_id,odds_home,odds_draw,odds_away,odds_over25,odds_under25,source,bookmakers_h2h,bookmakers_totals,avg_overround_h2h,avg_overround_totals,p_home_consensus,p_draw_consensus,p_away_consensus,p_over25_consensus,p_under25_consensus
WC2026-004,1.7,3.7,5.2,1.9,1.9,,,,,,,,,,
WC2026-002,2.759244525315124,3.281744535262084,3.004212103352473,2.3403300782208003,1.746084875844489,the_odds_api_no_vig_consensus,45.0,15.0,0.052189491101372,0.0621410763252638,0.3624180426291842,0.3047159793381476,0.3328659780326681,0.4272901541992036,0.5727098458007964
WC2026-003,1.901916112822293,3.784422046683535,4.76250996657816,2.27219821870286,1.7860410314200923,the_odds_api_no_vig_consensus,45.0,19.0,0.0509014248908944,0.0586396540378462,0.5257855450396701,0.2642411410948064,0.2099733138655235,0.4401024487075229,0.5598975512924771
WC2026-001,1.478460670663132,4.674906098988577,9.114707504790696,2.29242556380104,1.7737389510147006,the_odds_api_no_vig_consensus,46.0,17.0,0.0494819868521124,0.0610413889724377,0.6763791691201845,0.213908039824875,0.1097127910549405,0.4362191801516614,0.5637808198483386
