match_id,odds_home,odds_draw,odds_away,odds_over25,odds_under25,source,bookmakers_h2h,bookmakers_totals,avg_overround_h2h,avg_overround_totals,p_home_consensus,p_draw_consensus,p_away_consensus,p_over25_consensus,p_under25_consensus
WC2026-004,1.7,3.7,5.2,1.9,1.9,,,,,,,,,,
WC2026-001,1.478460670663132,4.674906098988577,9.114707504790696,2.29242556380104,1.7737389510147006,the_odds_api_no_vig_consensus,46.0,17.0,0.0494819868521124,0.0610413889724377,0.6763791691201845,0.213908039824875,0.1097127910549405,0.4362191801516614,0.5637808198483386
WC2026-002,2.8089048173528535,3.2450805433708965,2.977691733644991,2.2968063877206495,1.7711251343831398,the_odds_api_no_vig_consensus,43.0,14.0,0.0535123066149908,0.061329852976080325,0.35601063938592703,0.3081587611262273,0.3358305994878457,0.4353871555505381,0.5646128444494619
WC2026-003,1.9036464190296833,3.7089661865499273,4.876253967900937,2.265132950256234,1.7904307604963292,the_odds_api_no_vig_consensus,43.0,16.0,0.05272099832574212,0.059110956659215466,0.5253076359157678,0.2696169093227021,0.20507545476153005,0.4414751901811675,0.5585248098188326
