match_id,odds_home,odds_draw,odds_away,odds_over25,odds_under25,source,bookmakers_h2h,bookmakers_totals,avg_overround_h2h,avg_overround_totals,p_home_consensus,p_draw_consensus,p_away_consensus,p_over25_consensus,p_under25_consensus
WC2026-004,1.7,3.7,5.2,1.9,1.9,,,,,,,,,,
WC2026-002,2.808904817352853,3.2450805433708965,2.977691733644991,2.296806387720649,1.7711251343831398,the_odds_api_no_vig_consensus,43.0,14.0,0.0535123066149908,0.0613298529760803,0.356010639385927,0.3081587611262273,0.3358305994878457,0.4353871555505381,0.5646128444494619
WC2026-001,1.4813986341528476,4.717679049229942,8.850057736542128,2.296586013549947,1.7712561986243254,the_odds_api_no_vig_consensus,48.0,20.0,0.0465245453998882,0.0536667180952437,0.6750377494251302,0.2119686374517631,0.1129936131231068,0.4354289341221974,0.5645710658778025
WC2026-003,1.9055506318343818,3.6432989294157174,4.981548690732295,2.3750480451431493,1.7272473158535306,the_odds_api_no_vig_consensus,48.0,17.0,0.04910043914861791,0.05789902452451335,0.5247826970818131,0.2744765168529204,0.2007407860652665,0.4210441140527445,0.5789558859472556
