match_id,odds_home,odds_draw,odds_away,odds_over25,odds_under25,source,bookmakers_h2h,bookmakers_totals,avg_overround_h2h,avg_overround_totals,p_home_consensus,p_draw_consensus,p_away_consensus,p_over25_consensus,p_under25_consensus
WC2026-002,2.808904817352853,3.2450805433708965,2.977691733644991,2.296806387720649,1.7711251343831398,the_odds_api_no_vig_consensus,43.0,14.0,0.0535123066149908,0.0613298529760803,0.356010639385927,0.3081587611262273,0.3358305994878457,0.4353871555505381,0.5646128444494619
WC2026-001,1.4813986341528476,4.717679049229942,8.850057736542128,2.296586013549947,1.7712561986243254,the_odds_api_no_vig_consensus,48.0,20.0,0.0465245453998882,0.0536667180952437,0.6750377494251302,0.2119686374517631,0.1129936131231068,0.4354289341221974,0.5645710658778025
WC2026-003,1.9055506318343816,3.643298929415717,4.981548690732295,2.3750480451431493,1.7272473158535306,the_odds_api_no_vig_consensus,48.0,17.0,0.0491004391486179,0.0578990245245133,0.5247826970818131,0.2744765168529204,0.2007407860652665,0.4210441140527445,0.5789558859472556
WC2026-004,2.17242653933589,3.351798890327938,4.143566542702775,2.5577449587156003,1.6419536101882333,the_odds_api_no_vig_consensus,48.0,14.0,0.05030728577672028,0.062090573051779833,0.46031475950652845,0.29834725552467756,0.241337984968794,0.3909693953622964,0.6090306046377036
WC2026-005,14.709519282079611,6.699942225836544,1.2775278595076003,1.768755095281362,2.3008043863878433,the_odds_api_no_vig_consensus,48.0,19.0,0.05096633700241556,0.05298206583916181,0.06798318699770733,0.14925501837072058,0.782761794631572,0.5653693960615427,0.4346306039384573
WC2026-006,1.7473215981914543,3.9774107718831346,5.672932863030398,2.1684850497369808,1.8558089812318048,the_odds_api_no_vig_consensus,48.0,20.0,0.052409068243976294,0.05364100960228191,0.5723044922211451,0.25141984505828213,0.17627566272057282,0.46115143847604195,0.538848561523958
