match_id,odds_home,odds_draw,odds_away,odds_over25,odds_under25,source,bookmakers_h2h,bookmakers_totals,avg_overround_h2h,avg_overround_totals,p_home_consensus,p_draw_consensus,p_away_consensus,p_over25_consensus,p_under25_consensus
WC2026-001,1.55,4.0,6.5,1.95,1.85,,,,,,,,,,
WC2026-004,1.7,3.7,5.2,1.9,1.9,,,,,,,,,,
WC2026-002,2.759244525315124,3.2817445352620838,3.004212103352473,2.3403300782208003,1.746084875844489,the_odds_api_no_vig_consensus,45.0,15.0,0.05218949110137204,0.0621410763252638,0.36241804262918426,0.30471597933814765,0.3328659780326681,0.42729015419920363,0.5727098458007964
WC2026-003,1.901916112822293,3.784422046683535,4.76250996657816,2.2721982187028593,1.7860410314200925,the_odds_api_no_vig_consensus,45.0,19.0,0.05090142489089449,0.058639654037846246,0.5257855450396701,0.2642411410948064,0.2099733138655235,0.4401024487075229,0.5598975512924771
