match_id,odds_home,odds_draw,odds_away,odds_over25,odds_under25,source,bookmakers_h2h,bookmakers_totals,avg_overround_h2h,avg_overround_totals,p_home_consensus,p_draw_consensus,p_away_consensus,p_over25_consensus,p_under25_consensus
WC2026-004,1.7,3.7,5.2,1.9,1.9,,,,,,,,,,
WC2026-001,1.478460670663132,4.674906098988577,9.114707504790696,2.29242556380104,1.7737389510147006,the_odds_api_no_vig_consensus,46.0,17.0,0.0494819868521124,0.0610413889724377,0.6763791691201845,0.213908039824875,0.1097127910549405,0.4362191801516614,0.5637808198483386
WC2026-002,2.8086162731401596,3.2425279776299294,2.980169024065443,2.3076484596827895,1.7647315244363004,the_odds_api_no_vig_consensus,43.0,14.0,0.052541558871532015,0.0619191278466721,0.35604721426824,0.30840134823784404,0.33555143749391597,0.4333415671715702,0.5666584328284299
WC2026-003,1.879673117656213,3.77563135907013,4.922804550630572,2.2419330231570176,1.8051964005739864,the_odds_api_no_vig_consensus,43.0,16.0,0.052185624346000714,0.0602733551383092,0.532007395651278,0.26485636570363746,0.2031362386450845,0.44604365503829024,0.5539563449617098
